{
    "EVENT_NO_TRIP": 221699771,
    "EVENT_NO_STOP": 221699836,
    "OPD_DATE": "18DEC2022:00:00:00",
    "VEHICLE_ID": 4212,
    "METERS": 87366,
    "ACT_TIME": 46788,
    "GPS_LONGITUDE": -122.558948,
    "GPS_LATITUDE": 45.529507,
    "GPS_SATELLITES": 12.0,
    "GPS_HDOP": 0.7
}