{
    "EVENT_NO_TRIP": 223240547,
    "EVENT_NO_STOP": 223240573,
    "OPD_DATE": "20DEC2022:00:00:00",
    "VEHICLE_ID": 2916,
    "METERS": 230437,
    "ACT_TIME": 66783,
    "GPS_LONGITUDE": -122.781758,
    "GPS_LATITUDE": 45.424517,
    "GPS_SATELLITES": 12.0,
    "GPS_HDOP": 0.7
}