{
    "EVENT_NO_TRIP": 221699551,
    "EVENT_NO_STOP": 221699559,
    "OPD_DATE": "18DEC2022:00:00:00",
    "VEHICLE_ID": 4212,
    "METERS": 998,
    "ACT_TIME": 29502,
    "GPS_LONGITUDE": -122.640443,
    "GPS_LATITUDE": 45.490278,
    "GPS_SATELLITES": 12.0,
    "GPS_HDOP": 0.8
}}