{
    "EVENT_NO_TRIP": 221699771,
    "EVENT_NO_STOP": 221699810,
    "OPD_DATE": "18DEC2022:00:00:00",
    "VEHICLE_ID": 4212,
    "METERS": 81707,
    "ACT_TIME": 45799,
    "GPS_LONGITUDE": -122.605915,
    "GPS_LATITUDE": 45.548245,
    "GPS_SATELLITES": 11.0,
    "GPS_HDOP": 0.8
}