{
    "EVENT_NO_TRIP": 222114202,
    "EVENT_NO_STOP": 222114286,
    "OPD_DATE": "18DEC2022:00:00:00",
    "VEHICLE_ID": 4036,
    "METERS": 142772,
    "ACT_TIME": 55792,
    "GPS_LONGITUDE": -122.574708,
    "GPS_LATITUDE": 45.453823,
    "GPS_SATELLITES": 12.0,
    "GPS_HDOP": 0.7
}