{
    "EVENT_NO_TRIP": 223240412,
    "EVENT_NO_STOP": 223240425,
    "OPD_DATE": "20DEC2022:00:00:00",
    "VEHICLE_ID": 2916,
    "METERS": 165863,
    "ACT_TIME": 54278,
    "GPS_LONGITUDE": -122.685158,
    "GPS_LATITUDE": 45.471135,
    "GPS_SATELLITES": 10.0,
    "GPS_HDOP": 0.8
}