{
    "EVENT_NO_TRIP": 221972161,
    "EVENT_NO_STOP": 221972202,
    "OPD_DATE": "18DEC2022:00:00:00",
    "VEHICLE_ID": 3507,
    "METERS": 41048,
    "ACT_TIME": 39302,
    "GPS_LONGITUDE": -122.64476,
    "GPS_LATITUDE": 45.531675,
    "GPS_SATELLITES": 9.0,
    "GPS_HDOP": 1.0
}}