{
    "EVENT_NO_TRIP": 222157097,
    "EVENT_NO_STOP": 222157159,
    "OPD_DATE": "18DEC2022:00:00:00",
    "VEHICLE_ID": 3802,
    "METERS": 131640,
    "ACT_TIME": 43555,
    "GPS_LONGITUDE": -122.79862,
    "GPS_LATITUDE": 45.517983,
    "GPS_SATELLITES": 12.0,
    "GPS_HDOP": 0.6
}