{
    "EVENT_NO_TRIP": 222002817,
    "EVENT_NO_STOP": 222002876,
    "OPD_DATE": "18DEC2022:00:00:00",
    "VEHICLE_ID": 4227,
    "METERS": 23761,
    "ACT_TIME": 31028,
    "GPS_LONGITUDE": -122.56226,
    "GPS_LATITUDE": 45.533633,
    "GPS_SATELLITES": 12.0,
    "GPS_HDOP": 0.7
}