{
    "EVENT_NO_TRIP": 222157518,
    "EVENT_NO_STOP": 222157581,
    "OPD_DATE": "18DEC2022:00:00:00",
    "VEHICLE_ID": 3802,
    "METERS": 255015,
    "ACT_TIME": 68479,
    "GPS_LONGITUDE": -122.805957,
    "GPS_LATITUDE": 45.523528,
    "GPS_SATELLITES": 11.0,
    "GPS_HDOP": 1.1
}