{
    "EVENT_NO_TRIP": 221972056,
    "EVENT_NO_STOP": 221972065,
    "OPD_DATE": "18DEC2022:00:00:00",
    "VEHICLE_ID": 3507,
    "METERS": 1609,
    "ACT_TIME": 30797,
    "GPS_LONGITUDE": -122.642048,
    "GPS_LATITUDE": 45.48058,
    "GPS_SATELLITES": 12.0,
    "GPS_HDOP": 0.6
}