{
    "EVENT_NO_TRIP": 222156792,
    "EVENT_NO_STOP": 222156820,
    "OPD_DATE": "18DEC2022:00:00:00",
    "VEHICLE_ID": 3802,
    "METERS": 19989,
    "ACT_TIME": 24124,
    "GPS_LONGITUDE": -122.82626,
    "GPS_LATITUDE": 45.48668,
    "GPS_SATELLITES": 12.0,
    "GPS_HDOP": 0.8
}