{
    "EVENT_NO_TRIP": 222114021,
    "EVENT_NO_STOP": 222114079,
    "OPD_DATE": "18DEC2022:00:00:00",
    "VEHICLE_ID": 4036,
    "METERS": 81140,
    "ACT_TIME": 42685,
    "GPS_LONGITUDE": -122.63991,
    "GPS_LATITUDE": 45.437497,
    "GPS_SATELLITES": 12.0,
    "GPS_HDOP": 0.7
}}