{"error": "Not Found"}
{"EVENT_NO_TRIP": 234899478, "EVENT_NO_STOP": 234899511, "OPD_DATE": "09JAN2023:00:00:00", "VEHICLE_ID": 4212, "METERS": 53154, "ACT_TIME": 35245, "GPS_LONGITUDE": -122.692703, "GPS_LATITUDE": 45.52311, "GPS_SATELLITES": 11.0, "GPS_HDOP": 0.9}
{"EVENT_NO_TRIP": 234899478, "EVENT_NO_STOP": 234899508, "OPD_DATE": "09JAN2023:00:00:00", "VEHICLE_ID": 4212, "METERS": 52812, "ACT_TIME": 35144, "GPS_LONGITUDE": -122.697128, "GPS_LATITUDE": 45.52332, "GPS_SATELLITES": 10.0, "GPS_HDOP": 1.0}
{"EVENT_NO_TRIP": 234899478, "EVENT_NO_STOP": 234899518, "OPD_DATE": "09JAN2023:00:00:00", "VEHICLE_ID": 4212, "METERS": 54485, "ACT_TIME": 35639, "GPS_LONGITUDE": -122.67637, "GPS_LATITUDE": 45.51938, "GPS_SATELLITES": 8.0, "GPS_HDOP": 1.0}
{"EVENT_NO_TRIP": 234899478, "EVENT_NO_STOP": 234899514, "OPD_DATE": "09JAN2023:00:00:00", "VEHICLE_ID": 4212, "METERS": 53608, "ACT_TIME": 35395, "GPS_LONGITUDE": -122.687072, "GPS_LATITUDE": 45.52209, "GPS_SATELLITES": 7.0, "GPS_HDOP": 1.7}
{"EVENT_NO_TRIP": 234899478, "EVENT_NO_STOP": 234899517, "OPD_DATE": "09JAN2023:00:00:00", "VEHICLE_ID": 4212, "METERS": 54213, "ACT_TIME": 35540, "GPS_LONGITUDE": -122.67975, "GPS_LATITUDE": 45.520175, "GPS_SATELLITES": 7.0, "GPS_HDOP": 1.1}
{"EVENT_NO_TRIP": 234899681, "EVENT_NO_STOP": 234899751, "OPD_DATE": "09JAN2023:00:00:00", "VEHICLE_ID": 4212, "METERS": 102595, "ACT_TIME": 47529, "GPS_LONGITUDE": -122.58969, "GPS_LATITUDE": 45.516262, "GPS_SATELLITES": 12.0, "GPS_HDOP": 0.9}
{"EVENT_NO_TRIP": 234899478, "EVENT_NO_STOP": 234899513, "OPD_DATE": "09JAN2023:00:00:00", "VEHICLE_ID": 4212, "METERS": 53598, "ACT_TIME": 35360, "GPS_LONGITUDE": -122.687195, "GPS_LATITUDE": 45.522128, "GPS_SATELLITES": 7.0, "GPS_HDOP": 1.7}
{"EVENT_NO_TRIP": 234899478, "EVENT_NO_STOP": 234899513, "OPD_DATE": "09JAN2023:00:00:00", "VEHICLE_ID": 4212, "METERS": 53419, "ACT_TIME": 35340, "GPS_LONGITUDE": -122.689367, "GPS_LATITUDE": 45.522737, "GPS_SATELLITES": 11.0, "GPS_HDOP": 0.8}
{"EVENT_NO_TRIP": 234899681, "EVENT_NO_STOP": 234899750, "OPD_DATE": "09JAN2023:00:00:00", "VEHICLE_ID": 4212, "METERS": 102316, "ACT_TIME": 47484, "GPS_LONGITUDE": -122.592298, "GPS_LATITUDE": 45.516915, "GPS_SATELLITES": 12.0, "GPS_HDOP": 0.7}
{"EVENT_NO_TRIP": 234899478, "EVENT_NO_STOP": 234899517, "OPD_DATE": "09JAN2023:00:00:00", "VEHICLE_ID": 4212, "METERS": 54315, "ACT_TIME": 35570, "GPS_LONGITUDE": -122.678467, "GPS_LATITUDE": 45.519875, "GPS_SATELLITES": 7.0, "GPS_HDOP": 1.7}
{"EVENT_NO_TRIP": 234899478, "EVENT_NO_STOP": 234899512, "OPD_DATE": "09JAN2023:00:00:00", "VEHICLE_ID": 4212, "METERS": 53349, "ACT_TIME": 35315, "GPS_LONGITUDE": -122.690193, "GPS_LATITUDE": 45.522955, "GPS_SATELLITES": 10.0, "GPS_HDOP": 0.9}
