{
    "EVENT_NO_TRIP": 221699840,
    "EVENT_NO_STOP": 221699844,
    "OPD_DATE": "18DEC2022:00:00:00",
    "VEHICLE_ID": 4212,
    "METERS": 91864,
    "ACT_TIME": 47398,
    "GPS_LONGITUDE": -122.566107,
    "GPS_LATITUDE": 45.498748,
    "GPS_SATELLITES": 12.0,
    "GPS_HDOP": 0.7
}