{
    "EVENT_NO_TRIP": 221972584,
    "EVENT_NO_STOP": 221972627,
    "OPD_DATE": "18DEC2022:00:00:00",
    "VEHICLE_ID": 3507,
    "METERS": 142866,
    "ACT_TIME": 61429,
    "GPS_LONGITUDE": -122.654395,
    "GPS_LATITUDE": 45.531502,
    "GPS_SATELLITES": 12.0,
    "GPS_HDOP": 0.9
}