{
    "EVENT_NO_TRIP": 221699641,
    "EVENT_NO_STOP": 221699654,
    "OPD_DATE": "18DEC2022:00:00:00",
    "VEHICLE_ID": 4212,
    "METERS": 38246,
    "ACT_TIME": 36069,
    "GPS_LONGITUDE": -122.666658,
    "GPS_LATITUDE": 45.542492,
    "GPS_SATELLITES": 10.0,
    "GPS_HDOP": 0.8
}