{
    "EVENT_NO_TRIP": 223312876,
    "EVENT_NO_STOP": 223312956,
    "OPD_DATE": "20DEC2022:00:00:00",
    "VEHICLE_ID": 4212,
    "METERS": 182911,
    "ACT_TIME": 50405,
    "GPS_LONGITUDE": -122.639063,
    "GPS_LATITUDE": 45.49797,
    "GPS_SATELLITES": 11.0,
    "GPS_HDOP": 0.9
}