{
    "EVENT_NO_TRIP": 223240183,
    "EVENT_NO_STOP": 223240193,
    "OPD_DATE": "20DEC2022:00:00:00",
    "VEHICLE_ID": 2916,
    "METERS": 54419,
    "ACT_TIME": 32493,
    "GPS_LONGITUDE": -122.680645,
    "GPS_LATITUDE": 45.482298,
    "GPS_SATELLITES": 11.0,
    "GPS_HDOP": 1.2
}