{
    "EVENT_NO_TRIP": 221699641,
    "EVENT_NO_STOP": 221699656,
    "OPD_DATE": "18DEC2022:00:00:00",
    "VEHICLE_ID": 4212,
    "METERS": 38578,
    "ACT_TIME": 36109,
    "GPS_LONGITUDE": -122.666635,
    "GPS_LATITUDE": 45.545462,
    "GPS_SATELLITES": 9.0,
    "GPS_HDOP": 0.9
}}